Fecha;Fuente;Autor
2025-11-21;Perfumarte;Adrian Pons

Categoría;Nombre;Importe;Divisa;URL;URL_Imagen
Hombre;Corazón Especiado (VRS);9.7;€;https://www.perfumarte.com/tienda/perfume-de-hombre/corazon-especiado-vrs.html;https://www.perfumarte.com/tienda/6360-home_default/corazon-especiado-vrs.jpg
Hombre;Corazón de Bergamota (TFN);9.7;€;https://www.perfumarte.com/tienda/especiados/corazon-de-bergamota-tfn.html;https://www.perfumarte.com/tienda/6298-home_default/corazon-de-bergamota-tfn.jpg
Hombre;Madera y Toscana (TFC);9.7;€;https://www.perfumarte.com/tienda/perfume-de-hombre/madera-y-toscana-tfc.html;https://www.perfumarte.com/tienda/6296-home_default/madera-y-toscana-tfc.jpg
Hombre;Helechos y Salvia (PCX);9.7;€;https://www.perfumarte.com/tienda/perfume-de-hombre/helechos-y-salvia-pcx.html;https://www.perfumarte.com/tienda/6290-home_default/helechos-y-salvia-pcx.jpg
Hombre;Helechos Mentolados (PCT);9.7;€;https://www.perfumarte.com/tienda/perfume-de-hombre/helechos-mentolados-pct.html;https://www.perfumarte.com/tienda/6288-home_default/helechos-mentolados-pct.jpg
Hombre;Corazón Almizclado (NRM);9.7;€;https://www.perfumarte.com/tienda/perfume-de-hombre/corazon-almizclado-nrm.html;https://www.perfumarte.com/tienda/6292-home_default/corazon-almizclado-nrm.jpg
Hombre;Aguas Marinas (JMS);9.7;€;https://www.perfumarte.com/tienda/perfume-de-hombre/aguas-marinas-jms.html;https://www.perfumarte.com/tienda/6267-home_default/aguas-marinas-jms.jpg
Hombre;Madera de Abedul (HBN);9.7;€;https://www.perfumarte.com/tienda/perfume-de-hombre/madera-de-abedul-hbn.html;https://www.perfumarte.com/tienda/6254-home_default/madera-de-abedul-hbn.jpg
Hombre;Helechos y Tabaco (DSB);9.7;€;https://www.perfumarte.com/tienda/helechos/helechos-y-tabaco-dsb.html;https://www.perfumarte.com/tienda/6256-home_default/helechos-y-tabaco-dsb.jpg
Hombre;Helechos de Calabria (CRV);9.7;€;https://www.perfumarte.com/tienda/perfume-de-hombre/helechos-de-calabria-crv.html;https://www.perfumarte.com/tienda/6353-home_default/helechos-de-calabria-crv.jpg
Hombre;Helechos y te (CRS);9.7;€;https://www.perfumarte.com/tienda/perfume-de-hombre/helechos-y-te-crs.html;https://www.perfumarte.com/tienda/6238-home_default/helechos-y-te-crs.jpg
Hombre;Corazón de Lirio (ABE);9.7;€;https://www.perfumarte.com/tienda/especiados/corazon-de-lirio-abe.html;https://www.perfumarte.com/tienda/6216-home_default/corazon-de-lirio-abe.jpg
Hombre;Madera y bayas (DGK);12.1;€;https://www.perfumarte.com/tienda/perfume-de-hombre/madera-y-bayas-dgk.html;https://www.perfumarte.com/tienda/6270-home_default/madera-y-bayas-dgk.jpg
Hombre;Corazón de Ambar (JGL);12.1;€;https://www.perfumarte.com/tienda/especiados/corazon-de-ambar-jgl.html;https://www.perfumarte.com/tienda/6250-home_default/corazon-de-ambar-jgl.jpg
Hombre;Corazón de Silex (HET);12.1;€;https://www.perfumarte.com/tienda/especiados/corazon-de-silex-het.html;https://www.perfumarte.com/tienda/6272-home_default/corazon-de-silex-het.jpg
Hombre;Helechos del mar (JGB);12.1;€;https://www.perfumarte.com/tienda/helechos/helechos-del-mar-jgb.html;https://www.perfumarte.com/tienda/6320-home_default/helechos-del-mar-jgb.jpg
Hombre;Dulce Pimienta (CHB);12.1;€;https://www.perfumarte.com/tienda/orientales/dulce-pimienta-chb.html;https://www.perfumarte.com/tienda/6227-home_default/dulce-pimienta-chb.jpg
Hombre;Corazón de Tonka (PCL);12.1;€;https://www.perfumarte.com/tienda/perfume-de-hombre/corazon-de-tonka-pcl.html;https://www.perfumarte.com/tienda/6282-home_default/corazon-de-tonka-pcl.jpg
Hombre;Helechos y Lavanda (PCH);12.1;€;https://www.perfumarte.com/tienda/helechos/helechos-y-lavanda-pch.html;https://www.perfumarte.com/tienda/6303-home_default/helechos-y-lavanda-pch.jpg
Hombre;Agua de cedro (IMS);12.1;€;https://www.perfumarte.com/tienda/perfume-de-hombre/agua-de-cedro-ims.html;https://www.perfumarte.com/tienda/6520-home_default/agua-de-cedro-ims.jpg
Hombre;Corazón de pimienta (PRL);12.1;€;https://www.perfumarte.com/tienda/perfume-de-hombre/corazon-de-pimienta-prl.html;https://www.perfumarte.com/tienda/6508-home_default/corazon-de-pimienta-prl.jpg
Hombre;Lima Mineral (HEG);12.1;€;https://www.perfumarte.com/tienda/citricos/lima-mineral-heg.html;https://www.perfumarte.com/tienda/6502-home_default/lima-mineral-heg.jpg
Hombre;Helechos de Damasco (PCE);12.1;€;https://www.perfumarte.com/tienda/perfume-de-hombre/helechos-de-damasco-pce.html;https://www.perfumarte.com/tienda/6496-home_default/helechos-de-damasco-pce.jpg
Hombre;Agua de Vetiver (YLY);12.1;€;https://www.perfumarte.com/tienda/frescos/agua-de-vetiver-yly.html;https://www.perfumarte.com/tienda/6356-home_default/agua-de-vetiver-yly.jpg
Hombre;Helechos y Lavanda (PCH);12.1;€;https://www.perfumarte.com/tienda/helechos/helechos-y-lavanda-pch.html;https://www.perfumarte.com/tienda/6303-home_default/helechos-y-lavanda-pch.jpg
Hombre;Dulce Tabaco (TFT);12.1;€;https://www.perfumarte.com/tienda/orientales/dulce-tabaco-tft.html;https://www.perfumarte.com/tienda/6280-home_default/dulce-tabaco-tft.jpg
Hombre;Madera Tonka (YLH);12.1;€;https://www.perfumarte.com/tienda/perfume-de-hombre/madera-tonka-ylh.html;https://www.perfumarte.com/tienda/6364-home_default/madera-tonka-ylh.jpg
Hombre;Corazón Balsámico (YLU);12.1;€;https://www.perfumarte.com/tienda/perfume-de-hombre/corazon-balsamico-ylu.html;https://www.perfumarte.com/tienda/6366-home_default/corazon-balsamico-ylu.jpg
Hombre;Helechos y Jengibre (HBS);12.1;€;https://www.perfumarte.com/tienda/perfume-de-hombre/helechos-y-jengibre-hbs.html;https://www.perfumarte.com/tienda/6262-home_default/helechos-y-jengibre-hbs.jpg
Hombre;Corazón de Indonesia (DHO);12.1;€;https://www.perfumarte.com/tienda/perfume-de-hombre/corazon-de-indonesia-dho.html;https://www.perfumarte.com/tienda/6240-home_default/corazon-de-indonesia-dho.jpg
Hombre;Lima y Enebro (DGB);12.1;€;https://www.perfumarte.com/tienda/citricos/lima-y-enebro-dgb.html;https://www.perfumarte.com/tienda/6260-home_default/lima-y-enebro-dgb.jpg
Hombre;Madera Ambarada (CHP);12.1;€;https://www.perfumarte.com/tienda/amaderados/madera-ambarada-chp.html;https://www.perfumarte.com/tienda/6230-home_default/madera-ambarada-chp.jpg
Hombre;Lima Verde (CH1);12.1;€;https://www.perfumarte.com/tienda/perfume-de-hombre/lima-verde-ch1.html;https://www.perfumarte.com/tienda/6220-home_default/lima-verde-ch1.jpg
Hombre;Lima Ambarada (CKT);12.1;€;https://www.perfumarte.com/tienda/citricos/lima-ambarada-ckt.html;https://www.perfumarte.com/tienda/6232-home_default/lima-ambarada-ckt.jpg
Hombre;Dulce Patchouli (TMM);12.1;€;https://www.perfumarte.com/tienda/perfume-de-hombre/dulce-patchouli-tmm.html;https://www.perfumarte.com/tienda/6368-home_default/dulce-patchouli-tmm.jpg
Hombre;Corazón de acero (VAU);12.1;€;https://www.perfumarte.com/tienda/perfume-de-hombre/corazon-de-acero-vau.html;https://www.perfumarte.com/tienda/6392-home_default/corazon-de-acero-vau.jpg
Hombre;Maderas Blancas (PCO);12.1;€;https://www.perfumarte.com/tienda/amaderados/maderas-blancas-pco.html;https://www.perfumarte.com/tienda/6283-home_default/maderas-blancas-pco.jpg
Hombre;Madera y Clavo (HBB);12.1;€;https://www.perfumarte.com/tienda/perfume-de-hombre/madera-y-clavo-hbb.html;https://www.perfumarte.com/tienda/6276-home_default/madera-y-clavo-hbb.jpg
Hombre;Madera y Clavel (DFA);12.1;€;https://www.perfumarte.com/tienda/perfume-de-hombre/madera-y-clavel-dfa.html;https://www.perfumarte.com/tienda/6252-home_default/madera-y-clavel-dfa.jpg
Hombre;Madera de Roble (CXE);12.1;€;https://www.perfumarte.com/tienda/amaderados/madera-de-roble-cxe.html;https://www.perfumarte.com/tienda/6225-home_default/madera-de-roble-cxe.jpg
Hombre;Madera de Oud (TFO);12.1;€;https://www.perfumarte.com/tienda/amaderados/madera-de-oud-tfo.html;https://www.perfumarte.com/tienda/6300-home_default/madera-de-oud-tfo.jpg
Hombre;Madera de Ámbar (PCI);12.1;€;https://www.perfumarte.com/tienda/amaderados/madera-de-ambar-pci.html;https://www.perfumarte.com/tienda/6306-home_default/madera-de-ambar-pci.jpg
Hombre;Lima y Musgo (LOS);12.1;€;https://www.perfumarte.com/tienda/citricos/lima-y-musgo-los.html;https://www.perfumarte.com/tienda/6302-home_default/lima-y-musgo-los.jpg
Hombre;Lima Pimentada (DIS);12.1;€;https://www.perfumarte.com/tienda/citricos/lima-pimentada-dis.html;https://www.perfumarte.com/tienda/6248-home_default/lima-pimentada-dis.jpg
Hombre;Lima Nerolí (CXS);12.1;€;https://www.perfumarte.com/tienda/citricos/lima-neroli-cxs.html;https://www.perfumarte.com/tienda/6244-home_default/lima-neroli-cxs.jpg
Hombre;Lima Marina (ARD);12.1;€;https://www.perfumarte.com/tienda/perfumes/lima-marina-ard.html;https://www.perfumarte.com/tienda/6222-home_default/lima-marina-ard.jpg
Hombre;Lima brillante (YLA);12.1;€;https://www.perfumarte.com/tienda/perfumes/lima-brillante-yla.html;https://www.perfumarte.com/tienda/6358-home_default/lima-brillante-yla.jpg
Hombre;Lima Acuática (ARG);12.1;€;https://www.perfumarte.com/tienda/citricos/lima-acuatica-arg.html;https://www.perfumarte.com/tienda/6224-home_default/lima-acuatica-arg.jpg
Hombre;Helechos y Vetiver (LOE);12.1;€;https://www.perfumarte.com/tienda/perfume-de-hombre/helechos-y-vetiver-loe.html;https://www.perfumarte.com/tienda/6278-home_default/helechos-y-vetiver-loe.jpg
Hombre;Helechos Pimentados (CXB);12.1;€;https://www.perfumarte.com/tienda/helechos/helechos-pimentados-cxb.html;https://www.perfumarte.com/tienda/6234-home_default/helechos-pimentados-cxb.jpg
Hombre;Helechos e Iris (GIG);12.1;€;https://www.perfumarte.com/tienda/perfumes/helechos-e-iris-gig.html;https://www.perfumarte.com/tienda/6266-home_default/helechos-e-iris-gig.jpg
Hombre;Helechos Castaños (AST);12.1;€;https://www.perfumarte.com/tienda/helechos/helechos-castanos-ast.html;https://www.perfumarte.com/tienda/6217-home_default/helechos-castanos-ast.jpg
Hombre;Dulce Mirra (PCP);12.1;€;https://www.perfumarte.com/tienda/perfume-de-hombre/dulce-mirra-pcp.html;https://www.perfumarte.com/tienda/6285-home_default/dulce-mirra-pcp.jpg
Hombre;Dulce Guayaco (ARB);12.1;€;https://www.perfumarte.com/tienda/orientales/dulce-guayaco-arb.html;https://www.perfumarte.com/tienda/6236-home_default/dulce-guayaco-arb.jpg
Hombre;Dulce Canela (JGM);12.1;€;https://www.perfumarte.com/tienda/orientales/dulce-canela-jgm.html;https://www.perfumarte.com/tienda/6258-home_default/dulce-canela-jgm.jpg
Hombre;Corazón de Incienso (LO7);12.1;€;https://www.perfumarte.com/tienda/perfume-de-hombre/corazon-de-incienso-lo7.html;https://www.perfumarte.com/tienda/6274-home_default/corazon-de-incienso-lo7.jpg
Hombre;Corazón Absoluto (CRB);12.1;€;https://www.perfumarte.com/tienda/perfume-de-hombre/corazon-absoluto-crb.html;https://www.perfumarte.com/tienda/6308-home_default/corazon-absoluto-crb.jpg
Hombre;Agua de Salvia (RLP);12.1;€;https://www.perfumarte.com/tienda/perfume-de-hombre/agua-de-salvia-rlp.html;https://www.perfumarte.com/tienda/6294-home_default/agua-de-salvia-rlp.jpg
Hombre;Agua de Roble (CRA);12.1;€;https://www.perfumarte.com/tienda/perfume-de-hombre/agua-de-roble-cra.html;https://www.perfumarte.com/tienda/6214-home_default/agua-de-roble-cra.jpg
Hombre;Agua de Musk (IMH);12.1;€;https://www.perfumarte.com/tienda/frescos/agua-de-musk-imh.html;https://www.perfumarte.com/tienda/6242-home_default/agua-de-musk-imh.jpg
Hombre;Agua de Bosque (HBH);12.1;€;https://www.perfumarte.com/tienda/frescos/agua-de-bosque-hbh.html;https://www.perfumarte.com/tienda/6246-home_default/agua-de-bosque-hbh.jpg
Hombre;Agua Aromática (VEE);12.1;€;https://www.perfumarte.com/tienda/frescos/agua-aromatica-vee.html;https://www.perfumarte.com/tienda/6362-home_default/agua-aromatica-vee.jpg
Mujer;Alma de Benjui (YLO);9.8;€;https://www.perfumarte.com/tienda/tropicales/alma-de-benjui-ylo.html;https://www.perfumarte.com/tienda/6194-home_default/alma-de-benjui-ylo.jpg
Mujer;Agua Púrpura (VEP);9.8;€;https://www.perfumarte.com/tienda/frescos/agua-purpura-vep.html;https://www.perfumarte.com/tienda/6208-home_default/agua-purpura-vep.jpg
Mujer;Agua de Magnolia (THT);9.8;€;https://www.perfumarte.com/tienda/perfume-de-mujer/agua-de-magnolia-tht.html;https://www.perfumarte.com/tienda/6204-home_default/agua-de-magnolia-tht.jpg
Mujer;Dulce Amaderada (TFS);9.8;€;https://www.perfumarte.com/tienda/dulces/dulce-amaderada-tfs.html;https://www.perfumarte.com/tienda/6334-home_default/dulce-amaderada-tfs.jpg
Mujer;Lima flowers (TFP);9.8;€;https://www.perfumarte.com/tienda/citricos/lima-flowers-tfp.html;https://www.perfumarte.com/tienda/6178-home_default/lima-flowers-tfp.jpg
Mujer;Lima Limón (ROE);9.8;€;https://www.perfumarte.com/tienda/perfume-de-mujer/lima-limon-roe.html;https://www.perfumarte.com/tienda/6198-home_default/lima-limon-roe.jpg
Mujer;Alma de Vainilla (PCS);9.8;€;https://www.perfumarte.com/tienda/perfume-de-mujer/alma-de-vainilla-pcs.html;https://www.perfumarte.com/tienda/6118-home_default/alma-de-vainilla-pcs.jpg
Mujer;Corazón de Musk (NRE);9.8;€;https://www.perfumarte.com/tienda/empolvados/corazon-de-musk-nre.html;https://www.perfumarte.com/tienda/6172-home_default/corazon-de-musk-nre.jpg
Mujer;Dulce Frutal (LAU);9.8;€;https://www.perfumarte.com/tienda/dulces/dulce-frutal-lau.html;https://www.perfumarte.com/tienda/6170-home_default/dulce-frutal-lau.jpg
Mujer;Alma de Mora (JMB);9.8;€;https://www.perfumarte.com/tienda/perfume-de-mujer/alma-de-mora-jmb.html;https://www.perfumarte.com/tienda/6330-home_default/alma-de-mora-jmb.jpg
Mujer;Lima y Bergamota (JMO);9.8;€;https://www.perfumarte.com/tienda/citricos/lima-y-bergamota-jmo.html;https://www.perfumarte.com/tienda/6122-home_default/lima-y-bergamota-jmo.jpg
Mujer;Pétalos de Azahar (JGC);9.8;€;https://www.perfumarte.com/tienda/florales/petalos-de-azahar-jgc.html;https://www.perfumarte.com/tienda/6102-home_default/petalos-de-azahar-jgc.jpg
Mujer;Pétalos de Malvavisco (ESY);9.8;€;https://www.perfumarte.com/tienda/perfume-de-mujer/petalos-de-malvavisco-esy.html;https://www.perfumarte.com/tienda/4568-home_default/petalos-de-malvavisco-esy.jpg
Mujer;Lima Solar (ELS);9.8;€;https://www.perfumarte.com/tienda/citricos/lima-solar-els.html;https://www.perfumarte.com/tienda/6100-home_default/lima-solar-els.jpg
Mujer;Dulce Jacaranda (DHP);9.8;€;https://www.perfumarte.com/tienda/dulces/dulce-jacaranda-dhp.html;https://www.perfumarte.com/tienda/6097-home_default/dulce-jacaranda-dhp.jpg
Mujer;Lima de Sicilia (DGQ);9.8;€;https://www.perfumarte.com/tienda/perfume-de-mujer/lima-de-sicilia-dgq.html;https://www.perfumarte.com/tienda/6163-home_default/lima-de-sicilia-dgq.jpg
Mujer;Agua cítrica (CRI);9.8;€;https://www.perfumarte.com/tienda/frescos/agua-citrica-cri.html;https://www.perfumarte.com/tienda/6133-home_default/agua-citrica-cri.jpg
Mujer;Pétalos Cítricos Verdes (CKE);9.8;€;https://www.perfumarte.com/tienda/florales/petalos-citricos-verdes-cke.html;https://www.perfumarte.com/tienda/6068-home_default/petalos-citricos-verdes-cke.jpg
Mujer;Pétalos de Gardenia (CH2);9.8;€;https://www.perfumarte.com/tienda/florales/petalos-de-gardenia-ch2.html;https://www.perfumarte.com/tienda/6078-home_default/petalos-de-gardenia-ch2.jpg
Mujer;Pétalos de Melati (CAA);9.8;€;https://www.perfumarte.com/tienda/perfume-de-mujer/petalos-de-melati-caa.html;https://www.perfumarte.com/tienda/6084-home_default/petalos-de-melati-caa.jpg
Mujer;Pétalos Verdes (ARO);9.8;€;https://www.perfumarte.com/tienda/perfume-de-mujer/petalos-verdes.html;https://www.perfumarte.com/tienda/6054-home_default/petalos-verdes.jpg
Mujer;Dulce Vainilla (ARC);9.8;€;https://www.perfumarte.com/tienda/dulces/dulce-vainilla-arc.html;https://www.perfumarte.com/tienda/6069-home_default/dulce-vainilla-arc.jpg
Mujer;Pétalos de Nerolí (ABY);9.8;€;https://www.perfumarte.com/tienda/florales/petalos-de-malvavisco-aby.html;https://www.perfumarte.com/tienda/6051-home_default/petalos-de-malvavisco-aby.jpg
Mujer;Pétalos sedosos (ZVZ);12.2;€;https://www.perfumarte.com/tienda/perfume-de-mujer/petalos-sedosos-zvz.html;https://www.perfumarte.com/tienda/6734-home_default/petalos-sedosos-zvz.jpg
Mujer;Pétalos de Dragón (CHL);12.2;€;https://www.perfumarte.com/tienda/perfume-de-mujer/petalos-de-dragon-chl.html;https://www.perfumarte.com/tienda/6727-home_default/petalos-de-dragon-chl.jpg
Mujer;Pétalos y Almizcle (NRH);12.2;€;https://www.perfumarte.com/tienda/perfume-de-mujer/petalos-y-almizcle-nrh.html;https://www.perfumarte.com/tienda/6728-home_default/petalos-y-almizcle-nrh.jpg
Mujer;Dulce Cachemir (PCA);12.2;€;https://www.perfumarte.com/tienda/dulces/dulce-cachemir-pca.html;https://www.perfumarte.com/tienda/6144-home_default/dulce-cachemir-pca.jpg
Mujer;Dulce Chocolate (LAV);12.2;€;https://www.perfumarte.com/tienda/dulces/dulce-chocolate-lav.html;https://www.perfumarte.com/tienda/6158-home_default/dulce-chocolate-lav.jpg
Mujer;Corazón de Gardenia (TFB);12.2;€;https://www.perfumarte.com/tienda/empolvados/corazon-de-gardenia-tfb.html;https://www.perfumarte.com/tienda/6200-home_default/corazon-de-gardenia-tfb.jpg
Mujer;Dulce Mediterraneo (YLB);12.2;€;https://www.perfumarte.com/tienda/dulces/dulce-mediterraneo-ylb.html;https://www.perfumarte.com/tienda/6205-home_default/dulce-mediterraneo-ylb.jpg
Mujer;Dulce Seda (ZVF);12.2;€;https://www.perfumarte.com/tienda/dulces/dulce-seda-zvf.html;https://www.perfumarte.com/tienda/6212-home_default/dulce-seda-zvf.jpg
Mujer;Corazón Almizcle (CXM);12.2;€;https://www.perfumarte.com/tienda/empolvados/corazon-almizcle-cxm.html;https://www.perfumarte.com/tienda/6161-home_default/corazon-almizcle-cxm.jpg
Mujer;Lima Pomelo (CXT);12.2;€;https://www.perfumarte.com/tienda/citricos/lima-pomelo-cxt.html;https://www.perfumarte.com/tienda/6174-home_default/lima-pomelo-cxt.jpg
Mujer;Pétalos Rosas (LAI);12.2;€;https://www.perfumarte.com/tienda/perfume-de-mujer/petalos-rosas-lai.html;https://www.perfumarte.com/tienda/6352-home_default/petalos-rosas-lai.jpg
Mujer;Dulce Nardo (GIT);12.2;€;https://www.perfumarte.com/tienda/dulces/dulce-nardo-git.html;https://www.perfumarte.com/tienda/6120-home_default/dulce-nardo-git.jpg
Mujer;Dulce Pasión (TMA);12.2;€;https://www.perfumarte.com/tienda/dulces/dulce-pasion-tma.html;https://www.perfumarte.com/tienda/6184-home_default/dulce-pasion-tma.jpg
Mujer;Lima Pomelo (CXT);12.2;€;https://www.perfumarte.com/tienda/citricos/lima-pomelo-cxt.html;https://www.perfumarte.com/tienda/6174-home_default/lima-pomelo-cxt.jpg
Mujer;Corazón Almizcle (CXM);12.2;€;https://www.perfumarte.com/tienda/empolvados/corazon-almizcle-cxm.html;https://www.perfumarte.com/tienda/6161-home_default/corazon-almizcle-cxm.jpg
Mujer;Dulce Seda (ZVF);12.2;€;https://www.perfumarte.com/tienda/dulces/dulce-seda-zvf.html;https://www.perfumarte.com/tienda/6212-home_default/dulce-seda-zvf.jpg
Mujer;Dulce Mediterraneo (YLB);12.2;€;https://www.perfumarte.com/tienda/dulces/dulce-mediterraneo-ylb.html;https://www.perfumarte.com/tienda/6205-home_default/dulce-mediterraneo-ylb.jpg
Mujer;Dulce Pasión (TMA);12.2;€;https://www.perfumarte.com/tienda/dulces/dulce-pasion-tma.html;https://www.perfumarte.com/tienda/6184-home_default/dulce-pasion-tma.jpg
Mujer;Lima Ambarada (DGL);12.2;€;https://www.perfumarte.com/tienda/citricos/lima-ambarada-dgl.html;https://www.perfumarte.com/tienda/6328-home_default/lima-ambarada-dgl.jpg
Mujer;Corazón de Gardenia (TFB);12.2;€;https://www.perfumarte.com/tienda/empolvados/corazon-de-gardenia-tfb.html;https://www.perfumarte.com/tienda/6200-home_default/corazon-de-gardenia-tfb.jpg
Mujer;Dulce Cachemir (PCA);12.2;€;https://www.perfumarte.com/tienda/dulces/dulce-cachemir-pca.html;https://www.perfumarte.com/tienda/6144-home_default/dulce-cachemir-pca.jpg
Mujer;Dulce Chocolate (LAV);12.2;€;https://www.perfumarte.com/tienda/dulces/dulce-chocolate-lav.html;https://www.perfumarte.com/tienda/6158-home_default/dulce-chocolate-lav.jpg
Mujer;Corazón Empolvado (KFL);12.2;€;https://www.perfumarte.com/tienda/perfume-de-mujer/corazon-empolvado-kfl.html;https://www.perfumarte.com/tienda/6128-home_default/corazon-empolvado-kfl.jpg
Mujer;Dulce Nardo (GIT);12.2;€;https://www.perfumarte.com/tienda/dulces/dulce-nardo-git.html;https://www.perfumarte.com/tienda/6120-home_default/dulce-nardo-git.jpg
Mujer;Pétalos de pasión (TOL);12.2;€;https://www.perfumarte.com/tienda/perfume-de-mujer/petalos-de-pasion-tol.html;https://www.perfumarte.com/tienda/6386-home_default/petalos-de-pasion-tol.jpg
Mujer;Alma de Ibiza (LOI);12.2;€;https://www.perfumarte.com/tienda/perfume-de-mujer/alma-de-ibiza-loi.html;https://www.perfumarte.com/tienda/6116-home_default/alma-de-ibiza-loi.jpg
Mujer;Alma de Mango (PCF);12.2;€;https://www.perfumarte.com/tienda/perfume-de-mujer/alma-de-mango-pcf.html;https://www.perfumarte.com/tienda/6106-home_default/alma-de-mango-pcf.jpg
Mujer;Pétalos de Calabria (PRX);12.2;€;https://www.perfumarte.com/tienda/florales/petalos-de-calabria-prx.html;https://www.perfumarte.com/tienda/6126-home_default/petalos-de-calabria-prx.jpg
Mujer;Pétalos Preciosos (GUF);12.2;€;https://www.perfumarte.com/tienda/perfume-de-mujer/petalos-preciosos-guf.html;https://www.perfumarte.com/tienda/6150-home_default/petalos-preciosos-guf.jpg
Mujer;Dulce Peonía (CHU);12.2;€;https://www.perfumarte.com/tienda/dulces/dulce-peonia-chu.html;https://www.perfumarte.com/tienda/6059-home_default/dulce-peonia-chu.jpg
Mujer;Agua de Bamboo (BVO);12.2;€;https://www.perfumarte.com/tienda/frescos/agua-de-bamboo-bvo.html;https://www.perfumarte.com/tienda/6076-home_default/agua-de-bamboo-bvo.jpg
Mujer;Corazón de Gardenia (PCM);12.2;€;https://www.perfumarte.com/tienda/perfume-de-mujer/corazon-de-gardenia-pcm.html;https://www.perfumarte.com/tienda/6094-home_default/corazon-de-gardenia-pcm.jpg
Mujer;Pétalos de Rosa Búlgara (CHC);12.2;€;https://www.perfumarte.com/tienda/perfume-de-mujer/petalos-de-rosa-bulgara-chc.html;https://www.perfumarte.com/tienda/6322-home_default/petalos-de-rosa-bulgara-chc.jpg
Mujer;Pétalos de Duraznero (CHR);12.2;€;https://www.perfumarte.com/tienda/florales/petalos-de-duraznero-chr.html;https://www.perfumarte.com/tienda/6066-home_default/petalos-de-duraznero-chr.jpg
Mujer;Lima cítrica (ASF);12.2;€;https://www.perfumarte.com/tienda/perfume-de-mujer/lima-citrica-asf.html;https://www.perfumarte.com/tienda/6074-home_default/lima-citrica-asf.jpg
Mujer;Pétalos afrutados (DJA);12.2;€;https://www.perfumarte.com/tienda/florales/petalos-afrutados-dja.html;https://www.perfumarte.com/tienda/6110-home_default/petalos-afrutados-dja.jpg
Mujer;Pétalos de Ambar Gris (DPP);12.2;€;https://www.perfumarte.com/tienda/florales/petalos-de-ambar-gris-dpp.html;https://www.perfumarte.com/tienda/4475-home_default/petalos-de-ambar-gris-dpp.jpg
Mujer;Pétalos de Jazmín (GUB);12.2;€;https://www.perfumarte.com/tienda/florales/petalos-de-jazmin-gub.html;https://www.perfumarte.com/tienda/6152-home_default/petalos-de-jazmin-gub.jpg
Mujer;Pétalos de Lys (IMP);12.2;€;https://www.perfumarte.com/tienda/florales/petalos-de-lys-imp.html;https://www.perfumarte.com/tienda/6156-home_default/petalos-de-lys-imp.jpg
Mujer;Agua Aromática (SYS);12.2;€;https://www.perfumarte.com/tienda/perfume-de-mujer/agua-aromatica-sys.html;https://www.perfumarte.com/tienda/6176-home_default/agua-aromatica-sys.jpg
Mujer;Pétalos blancos (CRP);12.2;€;https://www.perfumarte.com/tienda/perfume-de-mujer/petalos-blancos-crp.html;https://www.perfumarte.com/tienda/6138-home_default/petalos-blancos-crp.jpg
Mujer;Pétalos de Orquidia (SIG);12.2;€;https://www.perfumarte.com/tienda/perfume-de-mujer/petalos-de-orquidia-sig-.html;https://www.perfumarte.com/tienda/6514-home_default/petalos-de-orquidia-sig-.jpg
Mujer;Agua de Iris (CKO);12.2;€;https://www.perfumarte.com/tienda/frescos/agua-de-iris-cko.html;https://www.perfumarte.com/tienda/6079-home_default/agua-de-iris-cko.jpg
Mujer;Corazón de Naranjo (GEI);12.2;€;https://www.perfumarte.com/tienda/perfume-de-mujer/corazon-de-naranjo-gei.html;https://www.perfumarte.com/tienda/6112-home_default/corazon-de-naranjo-gei.jpg
Mujer;Agua de Lilas (LOG);12.2;€;https://www.perfumarte.com/tienda/perfume-de-mujer/agua-de-lilas-log.html;https://www.perfumarte.com/tienda/6092-home_default/agua-de-lilas-log.jpg
Mujer;Agua de Frutas (LOO);12.2;€;https://www.perfumarte.com/tienda/frescos/agua-de-frutas-loo.html;https://www.perfumarte.com/tienda/6124-home_default/agua-de-frutas-loo.jpg
Mujer;Agua de Gardenia (RLR);12.2;€;https://www.perfumarte.com/tienda/frescos/agua-de-gardenia-rlr.html;https://www.perfumarte.com/tienda/6196-home_default/agua-de-gardenia-rlr.jpg
Mujer;Lima Mediterránea (DEP);12.2;€;https://www.perfumarte.com/tienda/citricos/lima-mediterranea-dep.html;https://www.perfumarte.com/tienda/6142-home_default/lima-mediterranea-dep.jpg
Mujer;Dulce Regaliz (BSF);12.2;€;https://www.perfumarte.com/tienda/dulces/dulce-regaliz-bsf.html;https://www.perfumarte.com/tienda/6058-home_default/dulce-regaliz-bsf.jpg
Mujer;Alma de frambuesa (CAY);12.2;€;https://www.perfumarte.com/tienda/perfume-de-mujer/alma-de-frambuesa-cay.html;https://www.perfumarte.com/tienda/6064-home_default/alma-de-frambuesa-cay.jpg
Mujer;Dulce Iris (CHG);12.2;€;https://www.perfumarte.com/tienda/dulces/dulce-iris-chg.html;https://www.perfumarte.com/tienda/6086-home_default/dulce-iris-chg.jpg
Mujer;Dulce Orquidea (CKH);12.2;€;https://www.perfumarte.com/tienda/dulces/dulce-orquidea-ckh.html;https://www.perfumarte.com/tienda/6062-home_default/dulce-orquidea-ckh.jpg
Mujer;Lima Ajazminada (LOQ);12.2;€;https://www.perfumarte.com/tienda/citricos/lima-ajazminada-loq.html;https://www.perfumarte.com/tienda/6130-home_default/lima-ajazminada-loq.jpg
Mujer;Dulce Azucena (DGO);12.2;€;https://www.perfumarte.com/tienda/dulces/dulce-azucena-dgo.html;https://www.perfumarte.com/tienda/6096-home_default/dulce-azucena-dgo.jpg
Mujer;Corazón de Fresía (DMD);12.2;€;https://www.perfumarte.com/tienda/empolvados/corazon-de-fresia-dmd.html;https://www.perfumarte.com/tienda/4529-home_default/corazon-de-fresia-dmd.jpg
Mujer;Alma frutal (DGI);12.2;€;https://www.perfumarte.com/tienda/perfume-de-mujer/alma-frutal-dgi.html;https://www.perfumarte.com/tienda/4558-home_default/alma-frutal-dgi.jpg
Mujer;Pétalos Empolvados (TMG);12.2;€;https://www.perfumarte.com/tienda/perfume-de-mujer/petalos-empolvados-tmg.html;https://www.perfumarte.com/tienda/6186-home_default/petalos-empolvados-tmg.jpg
Mujer;Lima violeta (LOA);12.2;€;https://www.perfumarte.com/tienda/perfume-de-mujer/lima-violeta-loa.html;https://www.perfumarte.com/tienda/6104-home_default/lima-violeta-loa.jpg
Mujer;Pétalos frutales (LAX);12.2;€;https://www.perfumarte.com/tienda/perfume-de-mujer/petalos-frutales-lax.html;https://www.perfumarte.com/tienda/6458-home_default/petalos-frutales-lax.jpg
Mujer;Pétalos de Magnolia (NRA);12.2;€;https://www.perfumarte.com/tienda/florales/petalos-de-magnolia-nra.html;https://www.perfumarte.com/tienda/6154-home_default/petalos-de-magnolia-nra.jpg
Mujer;Alma de Coco (VSC);12.2;€;https://www.perfumarte.com/tienda/perfume-de-mujer/alma-de-coco-vsc.html;https://www.perfumarte.com/tienda/6182-home_default/alma-de-coco-vsc.jpg
Mujer;Corazón de Jazmín (CXH);12.2;€;https://www.perfumarte.com/tienda/empolvados/corazon-de-jazmin-cxh.html;https://www.perfumarte.com/tienda/6140-home_default/corazon-de-jazmin-cxh.jpg
Mujer;Corazón de Orquídeas (JMC);12.2;€;https://www.perfumarte.com/tienda/perfume-de-mujer/corazon-de-orquideas-jmc.html;https://www.perfumarte.com/tienda/6342-home_default/corazon-de-orquideas-jmc.jpg
Mujer;Corazón Ambarado (CX5);12.2;€;https://www.perfumarte.com/tienda/empolvados/corazon-ambarado-cx5.html;https://www.perfumarte.com/tienda/6148-home_default/corazon-ambarado-cx5.jpg
Mujer;Corazón de Patchouli (CQE);12.2;€;https://www.perfumarte.com/tienda/empolvados/corazon-de-patchouli-cqe.html;https://www.perfumarte.com/tienda/6136-home_default/corazon-de-patchouli-cqe.jpg
Mujer;Pétalos Ambarados (CLP);12.2;€;https://www.perfumarte.com/tienda/florales/petalos-ambarados-clp.html;https://www.perfumarte.com/tienda/6088-home_default/petalos-ambarados-clp.jpg
Mujer;Corazón de Cilantro (GUR);12.2;€;https://www.perfumarte.com/tienda/empolvados/corazon-de-cilantro-gur.html;https://www.perfumarte.com/tienda/6167-home_default/corazon-de-cilantro-gur.jpg
Mujer;Dulce Musk (PCG);12.2;€;https://www.perfumarte.com/tienda/dulces/dulce-musk-pcg.html;https://www.perfumarte.com/tienda/6482-home_default/dulce-musk-pcg.jpg
Mujer;Agua bella (JGE);12.2;€;https://www.perfumarte.com/tienda/perfume-de-mujer/agua-bella-jge.html;https://www.perfumarte.com/tienda/6374-home_default/agua-bella-jge.jpg
Mujer;Dulce Sinfonía (DGV);12.2;€;https://www.perfumarte.com/tienda/dulces/dulce-sinfonia-dgv.html;https://www.perfumarte.com/tienda/6132-home_default/dulce-sinfonia-dgv.jpg
Mujer;Corazón dulce (VAB);12.2;€;https://www.perfumarte.com/tienda/perfumes/corazon-dulce-vab.html;https://www.perfumarte.com/tienda/6190-home_default/corazon-dulce-vab.jpg
Mujer;Corazón de Talco (CLL);12.2;€;https://www.perfumarte.com/tienda/empolvados/corazon-de-talco-cll.html;https://www.perfumarte.com/tienda/6056-home_default/corazon-de-talco-cll.jpg
Mujer;Corazón de Maderas (ASI);12.2;€;https://www.perfumarte.com/tienda/empolvados/corazon-de-maderas-asi.html;https://www.perfumarte.com/tienda/6082-home_default/corazon-de-maderas-asi.jpg
Mujer;Corazón de Jazmín (TML);12.2;€;https://www.perfumarte.com/tienda/empolvados/corazon-de-jazmin-tml.html;https://www.perfumarte.com/tienda/6180-home_default/corazon-de-jazmin-tml.jpg
Mujer;Alma de Miel (JGS);12.2;€;https://www.perfumarte.com/tienda/perfume-de-mujer/alma-de-miel-jgs.html;https://www.perfumarte.com/tienda/6114-home_default/alma-de-miel-jgs.jpg
Mujer;Alma de Manzana (DKD);12.2;€;https://www.perfumarte.com/tienda/perfume-de-mujer/alma-de-manzana-dkd.html;https://www.perfumarte.com/tienda/6146-home_default/alma-de-manzana-dkd.jpg
Mujer;Agua de Nenufar (DKN);12.2;€;https://www.perfumarte.com/tienda/frescos/agua-de-nenufar-dkn.html;https://www.perfumarte.com/tienda/6166-home_default/agua-de-nenufar-dkn.jpg
Body Mist;Body Mist Caramel Cookie;14.9;€;https://www.perfumarte.com/tienda/body-mist/body-mist-caramel-cookie.html;https://www.perfumarte.com/tienda/6688-home_default/body-mist-caramel-cookie.jpg
Body Mist;Body Mist Violet Cloud;14.9;€;https://www.perfumarte.com/tienda/body-mist/body-mist-violet-cloud.html;https://www.perfumarte.com/tienda/6682-home_default/body-mist-violet-cloud.jpg
Body Mist;Body Mist Summer Crush;14.9;€;https://www.perfumarte.com/tienda/body-mist/body-mist-summer-crush.html;https://www.perfumarte.com/tienda/6675-home_default/body-mist-summer-crush.jpg
